path,id,receipt
index.html,6y5QcqfhIBBKLFfv5NTCTWQSAPT4YCEA2b6GoSJ9txM,"{""id"":""6y5QcqfhIBBKLFfv5NTCTWQSAPT4YCEA2b6GoSJ9txM"",""deadlineHeight"":1868395,""public"":""wZgP9Rpfh0nXb5EdzBUg7y2LFMkBp2ADX3gdZhLXHYbz4srlYD6FUGn6Tt-WsSYj8faUyA7bNKj9zzcXiN-bsMC73e0yoQ05A_5I2QnBAgCTuzXePvUVCvSCOg1vdh07hSjvSBd1XiWDHw2J-Z7m6lG3l56PDSCp8t-s0PduONcsjqOePFejzkaJymJxMYp7d0g0GL1i1MrBAbf5ohIobyTYQz7bRHLLUpdSgiCiHbSBp092cIQnHYXGBeWb-lBEtMT9Am5GsHeVXq4eL8H83NBPIN4fIOtwpl7zzBUeaD5lTc3UcXliMjFuFJurVmNhqsP_osJMceybk3VIjdP0biqLqt_nRupdPwwJGQ09iyGv0wfzMBlx7zTZ9pp77ZBX3cDnYmWt2IR-mIgOStfiEHu5BuwNGBvGt7-tzHJp9e6IOofN10apfiuF9iQEQ3gFVQDZ7owQ_IrCq5yWLP7ePwYoB2e7ZbvCkd4JM8oOgEMZkywTOx3gLASGKS7wqUerdlYacWRukqg5MmkQRbzJIiY23pPwrhQSWon5q91jbImO6vTaHVDZnd2GoMFlePAsceNO1MaLS6GMuY-EAwOtaX-R1QZUpJmCzWfV-77AmBmaPDCR0mm3f7jy-3yYSCMAkti4idHVq5dIhOJnibd_LEfQtkTAQ5MQlE4uoa5lkJs"",""signature"":""APMXmRNfePvUGeaNS61lKEd1viEGM1OARnuu2QlOF3eVcf9TB6omjYkvdVGkAE2RszGPbI26MSVvqVocwG5r1W0P9yKMA6F0qnYlnUiMyfZ4AnAACWZ2otUcQ8Hv37_9hbBo5AYKcXKCTZeEfWY2feSjWPrOG5pa3RMAI1XBmRztBeGTX30nO6_7CIhvb1Hy6cWcrl6lSH48--8C66cNj0yW3HIyBAzxN29laBiVrQyIIbRFMBuIy0Umhd9YtbjdUycUdGraN_dOEF7ghX-GViFZxKjXqysZz3kpVj7UDHajJCFSEr3oV5IS7xOaJA5NTC6UZDVEIrt9DcnhVYv-a1D1UWXDqveUN9onvDj6LWcpoRoBRHqZcQKDwaPIbZH-rMRs43uT67QXYnEUOzF63mroYCv1JnIa7gwpN_di7sYXX7N6gz03PUJ61KzPZt4XlyQ3e0YDO_58aGexQrY9Kf_aeH44N6JujMZAZpuS3bHcKXY4GEdZPBFSO_p7dqZjV5CqpS38jVXmQJ6SNBciU--1OizRdmfxbDqJoh5nkMI4FNSF4mWk2y12BvtlRq5u1Gu90eojfwgZ_gbT78_7QIukf7C0upFdq3Wn2PF9ZEWDxN3yHas62Awi2I1vnQQ-JwF2h49WHGuocBBa2ouERVsgwG8xCpuX0200ExasDc4"",""timestamp"":1772459261947,""version"":""0.2.0""}"
sw.js,vWTowemurUg95RuFY-pr31R2-meT6C1tDNiWuKgDF8o,"{""id"":""vWTowemurUg95RuFY-pr31R2-meT6C1tDNiWuKgDF8o"",""deadlineHeight"":1868395,""public"":""wZgP9Rpfh0nXb5EdzBUg7y2LFMkBp2ADX3gdZhLXHYbz4srlYD6FUGn6Tt-WsSYj8faUyA7bNKj9zzcXiN-bsMC73e0yoQ05A_5I2QnBAgCTuzXePvUVCvSCOg1vdh07hSjvSBd1XiWDHw2J-Z7m6lG3l56PDSCp8t-s0PduONcsjqOePFejzkaJymJxMYp7d0g0GL1i1MrBAbf5ohIobyTYQz7bRHLLUpdSgiCiHbSBp092cIQnHYXGBeWb-lBEtMT9Am5GsHeVXq4eL8H83NBPIN4fIOtwpl7zzBUeaD5lTc3UcXliMjFuFJurVmNhqsP_osJMceybk3VIjdP0biqLqt_nRupdPwwJGQ09iyGv0wfzMBlx7zTZ9pp77ZBX3cDnYmWt2IR-mIgOStfiEHu5BuwNGBvGt7-tzHJp9e6IOofN10apfiuF9iQEQ3gFVQDZ7owQ_IrCq5yWLP7ePwYoB2e7ZbvCkd4JM8oOgEMZkywTOx3gLASGKS7wqUerdlYacWRukqg5MmkQRbzJIiY23pPwrhQSWon5q91jbImO6vTaHVDZnd2GoMFlePAsceNO1MaLS6GMuY-EAwOtaX-R1QZUpJmCzWfV-77AmBmaPDCR0mm3f7jy-3yYSCMAkti4idHVq5dIhOJnibd_LEfQtkTAQ5MQlE4uoa5lkJs"",""signature"":""q9NhCfqMcw9KKTXYJ0m1SYx1yQxC8KELRu6f3r1Zx9Bxo1MgelbwmxnK-zVXpr1NKx2fwh8S9PZESGKnkeybteBsjZP1Cz1cTz1f-5vZd49jxnTpuTDqfIwd0k_csz5JETFyuSU4IUElWE3IWFt8f6v8S-U9_P4zb1t4rvXtRG0WVPsCrYlzNJUCdjIdIx85oui-A8lTLKiPQspR3bzoKu936_o7OrZDyR8Ox0iZxTFJsu7qsZqoyWyzHzHds21fjtQYrN9GzBfGItyhcNL1aqQhXOPAKEeEhZTZ3_pzcj5tdNGig7NbZSzdwFvDChpphzlZQTgT-Kw-lbg2rT0oPnZAyi7A5Oq3-_29ZKntOsEhk4ig24p1QXYQ6rSFVTPeO3AXlcEiw40ZBhcBbEdXInUpIvQRBCEsunRIPACKi2YIeh0EqUi_HOajxKhG5tOvdXVPOlxWQiXVtPvfNJHyEPL3zOKZgwpM8oq6-jmF1O_JfMVA9rL0RajpkffaDz1XI84EHw6HuJH8g60gcs4qe9p44sWpsEkG46C01N2410Agl4i0Sqlm8kmnCmxt_VPDII_19WyOLM0pqOaSFY8YI4craC_uazmEY-b7NmW9lv_lK85lggR6LpRlV6jjdAGA-yhY_dNF6tDUg21kn6AvZGvSgoZ7WsBUVruyxHHXzAQ"",""timestamp"":1772459262135,""version"":""0.2.0""}"
manifest.json,kZyM0NuPrR1PQm3032zxk1s_TmjbW23-7s1JlmoVZBo,"{""id"":""kZyM0NuPrR1PQm3032zxk1s_TmjbW23-7s1JlmoVZBo"",""deadlineHeight"":1868395,""public"":""wZgP9Rpfh0nXb5EdzBUg7y2LFMkBp2ADX3gdZhLXHYbz4srlYD6FUGn6Tt-WsSYj8faUyA7bNKj9zzcXiN-bsMC73e0yoQ05A_5I2QnBAgCTuzXePvUVCvSCOg1vdh07hSjvSBd1XiWDHw2J-Z7m6lG3l56PDSCp8t-s0PduONcsjqOePFejzkaJymJxMYp7d0g0GL1i1MrBAbf5ohIobyTYQz7bRHLLUpdSgiCiHbSBp092cIQnHYXGBeWb-lBEtMT9Am5GsHeVXq4eL8H83NBPIN4fIOtwpl7zzBUeaD5lTc3UcXliMjFuFJurVmNhqsP_osJMceybk3VIjdP0biqLqt_nRupdPwwJGQ09iyGv0wfzMBlx7zTZ9pp77ZBX3cDnYmWt2IR-mIgOStfiEHu5BuwNGBvGt7-tzHJp9e6IOofN10apfiuF9iQEQ3gFVQDZ7owQ_IrCq5yWLP7ePwYoB2e7ZbvCkd4JM8oOgEMZkywTOx3gLASGKS7wqUerdlYacWRukqg5MmkQRbzJIiY23pPwrhQSWon5q91jbImO6vTaHVDZnd2GoMFlePAsceNO1MaLS6GMuY-EAwOtaX-R1QZUpJmCzWfV-77AmBmaPDCR0mm3f7jy-3yYSCMAkti4idHVq5dIhOJnibd_LEfQtkTAQ5MQlE4uoa5lkJs"",""signature"":""pvmg9-UxFu6zbVtzmryDpncFNSHLTMvf0iBs__4lLF5RCSGuOUYO-5n2XWTTXvXKwnbTtBm3OhipkgHLNI7Eh-mSmQ-Di-j1MZmGajCtwgouMnbXqBYFVuIDMtVWB4ylTOb5FWv9778apJajCvTFDvEmelIYgRW2_tmwg0bnr5UonOGoCU0Rcu1aIB174GAPVtZD9wrRgRcVajf_b5Ht1J91TB6auKWabpx-maVJuiPe5IEaImIOryM1jO9YqQVdmV5fxZRd6Ee7Jqrag9xiLphqKEQE_IjwDPB86NjAmbGHZZ_zfhb173VovB4lwULGenm2zSG8ee1pm0rVOvInqBT05GGgOJdRVIiMsqvKs3beM3-_zSNb4h6euX1W6ui9fhXppxPHgcPRvswAW4KQ_VYj_L_MT2xptL3qMZ86miLyYTruPMRz_FFOAjOBNwbQ9sUCC3SXXqkOedKGasQAlU8BU28B81G1E823YnUVGFmvN7mvH1wBIhCIJTjnY_Ow5fpDjIgKmh2YXaRSXM1UaAqRMfNtMQGwnrCjWoo6p_0vp4YbE-Xc7qmGoPNrjrItidxMvYcMYj_Hz5Z7EaOxXEpy1iM4Y0PVxW-qIrq4dbDw-yCle7haY7uoqtBwcDvVwrrpLy8FyIVj1EDnvgAJG6FmB-yGCwulqPAWYNLy7J8"",""timestamp"":1772459262406,""version"":""0.2.0""}"
vite.svg,pYnFir3IP0-5YaN_iKo6b_ddukkk5RFdKD9kLXgj8kA,"{""id"":""pYnFir3IP0-5YaN_iKo6b_ddukkk5RFdKD9kLXgj8kA"",""deadlineHeight"":1868395,""public"":""wZgP9Rpfh0nXb5EdzBUg7y2LFMkBp2ADX3gdZhLXHYbz4srlYD6FUGn6Tt-WsSYj8faUyA7bNKj9zzcXiN-bsMC73e0yoQ05A_5I2QnBAgCTuzXePvUVCvSCOg1vdh07hSjvSBd1XiWDHw2J-Z7m6lG3l56PDSCp8t-s0PduONcsjqOePFejzkaJymJxMYp7d0g0GL1i1MrBAbf5ohIobyTYQz7bRHLLUpdSgiCiHbSBp092cIQnHYXGBeWb-lBEtMT9Am5GsHeVXq4eL8H83NBPIN4fIOtwpl7zzBUeaD5lTc3UcXliMjFuFJurVmNhqsP_osJMceybk3VIjdP0biqLqt_nRupdPwwJGQ09iyGv0wfzMBlx7zTZ9pp77ZBX3cDnYmWt2IR-mIgOStfiEHu5BuwNGBvGt7-tzHJp9e6IOofN10apfiuF9iQEQ3gFVQDZ7owQ_IrCq5yWLP7ePwYoB2e7ZbvCkd4JM8oOgEMZkywTOx3gLASGKS7wqUerdlYacWRukqg5MmkQRbzJIiY23pPwrhQSWon5q91jbImO6vTaHVDZnd2GoMFlePAsceNO1MaLS6GMuY-EAwOtaX-R1QZUpJmCzWfV-77AmBmaPDCR0mm3f7jy-3yYSCMAkti4idHVq5dIhOJnibd_LEfQtkTAQ5MQlE4uoa5lkJs"",""signature"":""KOqMZUytUK2CL-XnJaYJ0qjxsL0jIkL9AL82AviTGmmI-lbD3rU8_0VrCM_0RSSTube5Wxm2B4V1NcX66ioFuhqMYqfGkBzpld2KkVptzldozfaxIm6sH-5Qi3nY0LJP1Yn4wSpi9PYzZMcmbTuMJ8OBIveXl8_05tX1q72--BEKOO9OT56k8BRwyxU9zg6FcO83sOv1KfkNe3IttjsfVHj0RkxMY8PryckzGpEvFcKDiWfnZoX_-2kBOdmVnxtj7N06M7P-GRYN20e26844I7n-kJMiShqowxMR-JUBFrvfee6Ivp1ochf8zU4ZG7FQ9AmciOhn9ViHPSXKfrvXrH1NaFfwltE6yTb-QA20-aXoMXZZEIkZNFTY-hdDw_0e4X6B6nKXX-xmLyFyb2-cK-kJLiaSz2aOKDE8-G3D2lBBp5SW9ziIlye8PEgzwgz_eHJ2-DEPBgsFrYKtsvgCDxtgyRaCtDpDvnmL7h1s2ri-6EGoYmmPr2n7cwu27EsBecAOkuImZmE9FTebzOZw5B64ZRcZ--3U1SmHeYkxUwHOTmwQxqtnVKjL8bX_9CKM3bknLT1E95yy2WBDQIpd9AjFM4O7A6i_LFYRzgNYreh6zrOfyIvjZ7uD0Ai7pAibthTVRnDBs41NzBkw7QmKLa54__ldWsMrMuBhMNI-M_A"",""timestamp"":1772459262505,""version"":""0.2.0""}"
favicon.svg,Mz9Y7W4wAOXH_6NH9mN5MuX1qMgoNGU8PJ-1gDa50j8,"{""id"":""Mz9Y7W4wAOXH_6NH9mN5MuX1qMgoNGU8PJ-1gDa50j8"",""deadlineHeight"":1868395,""public"":""wZgP9Rpfh0nXb5EdzBUg7y2LFMkBp2ADX3gdZhLXHYbz4srlYD6FUGn6Tt-WsSYj8faUyA7bNKj9zzcXiN-bsMC73e0yoQ05A_5I2QnBAgCTuzXePvUVCvSCOg1vdh07hSjvSBd1XiWDHw2J-Z7m6lG3l56PDSCp8t-s0PduONcsjqOePFejzkaJymJxMYp7d0g0GL1i1MrBAbf5ohIobyTYQz7bRHLLUpdSgiCiHbSBp092cIQnHYXGBeWb-lBEtMT9Am5GsHeVXq4eL8H83NBPIN4fIOtwpl7zzBUeaD5lTc3UcXliMjFuFJurVmNhqsP_osJMceybk3VIjdP0biqLqt_nRupdPwwJGQ09iyGv0wfzMBlx7zTZ9pp77ZBX3cDnYmWt2IR-mIgOStfiEHu5BuwNGBvGt7-tzHJp9e6IOofN10apfiuF9iQEQ3gFVQDZ7owQ_IrCq5yWLP7ePwYoB2e7ZbvCkd4JM8oOgEMZkywTOx3gLASGKS7wqUerdlYacWRukqg5MmkQRbzJIiY23pPwrhQSWon5q91jbImO6vTaHVDZnd2GoMFlePAsceNO1MaLS6GMuY-EAwOtaX-R1QZUpJmCzWfV-77AmBmaPDCR0mm3f7jy-3yYSCMAkti4idHVq5dIhOJnibd_LEfQtkTAQ5MQlE4uoa5lkJs"",""signature"":""O29W_BwItVMMTE_92Q09XQmHDbij58IT61FXTRH1Hq93AxftYdxYXuWGhIdJ2kk_Tbd2-LPuwjY1sBMImxCj3N9T1MFhTApZ16zpcVpArtIfAd5L4y-C-sAQ3iIzdpMaXHE1Xu_6MPKkC235eeTyGbslxtFO-e2myZcKF2XOzpa4XrWVOFfv42r71QQ9C4iRG3XO50GNIt1c-sYstivI4JXSTYePqGo0ZmFx4s1z6IkzZknDo9tARhKXUwuMwlJ3m_AWkDkfYbGRKvR6D-C6KShN8QhHw7bky8vI_eDC2sCTw1Nl2JdNKZZ_tqgpADOgPAwQ8NFX_gGABIu6c70qnpx-yIFbikQRhHv2cigkEwwwQPF1QNTSqIevxEb_wkRwR_WE8GgX689p-JjHgCkn9GJBz_iAtYCWDJyleu8qc5ST8gLyZZml2mKPLbZCmgJ3UVlBwzdro57YzoG2U0sYjPMizJYGogQq-pfKw8Rp-xdEf6jWLz7gXIzlluuBPNJuWE3Lz6xFSCaYNv3BjEVwx-WSWet7xSctcOG4kbnDrdAOiDGMvOtlT3--vtX7G7b0lmcherjEROKM6okn5aJqSGKgTUuUtz3_hAZU5up38RMBSKD1lJff8EG2MeVwA5XyQ8uymNWMYwSo-tI8AEMmDuD_d4R4osYlQ5UTk_Lzn4I"",""timestamp"":1772459262530,""version"":""0.2.0""}"
assets/index-CCQEApr5.css,SSf0XRsg1X1qDViwYntFR1TkSqI8Syi7Fd4GvV3og2M,"{""id"":""SSf0XRsg1X1qDViwYntFR1TkSqI8Syi7Fd4GvV3og2M"",""deadlineHeight"":1868395,""public"":""wZgP9Rpfh0nXb5EdzBUg7y2LFMkBp2ADX3gdZhLXHYbz4srlYD6FUGn6Tt-WsSYj8faUyA7bNKj9zzcXiN-bsMC73e0yoQ05A_5I2QnBAgCTuzXePvUVCvSCOg1vdh07hSjvSBd1XiWDHw2J-Z7m6lG3l56PDSCp8t-s0PduONcsjqOePFejzkaJymJxMYp7d0g0GL1i1MrBAbf5ohIobyTYQz7bRHLLUpdSgiCiHbSBp092cIQnHYXGBeWb-lBEtMT9Am5GsHeVXq4eL8H83NBPIN4fIOtwpl7zzBUeaD5lTc3UcXliMjFuFJurVmNhqsP_osJMceybk3VIjdP0biqLqt_nRupdPwwJGQ09iyGv0wfzMBlx7zTZ9pp77ZBX3cDnYmWt2IR-mIgOStfiEHu5BuwNGBvGt7-tzHJp9e6IOofN10apfiuF9iQEQ3gFVQDZ7owQ_IrCq5yWLP7ePwYoB2e7ZbvCkd4JM8oOgEMZkywTOx3gLASGKS7wqUerdlYacWRukqg5MmkQRbzJIiY23pPwrhQSWon5q91jbImO6vTaHVDZnd2GoMFlePAsceNO1MaLS6GMuY-EAwOtaX-R1QZUpJmCzWfV-77AmBmaPDCR0mm3f7jy-3yYSCMAkti4idHVq5dIhOJnibd_LEfQtkTAQ5MQlE4uoa5lkJs"",""signature"":""hVQWkM3Ft0UTkiwosInApfwhcn3ExXcHaU-5WbeAst9CmLhWh7ZN5d_bKnybTZI6hWH2tHQregM_0kJNFSviN70DKgUMcR2fZ5ShHKpsm7a_3XneJ_Yvdb8NXvgCV80Uy1YiThya6ej6kL87X0A2XZYZBcIrab8g0E2xepd0WXwAICKDyxHEGPMbufUndIlIarNWK-o_SCxxXI8o0qvIka1D8NhNYUi9gPO4MO5hnHq8dIVw7lRQVDjuODi_CrErhpBPzp47oFXrZQdSdRYq8yvTSxSjWjCnVBLjsiJQdS0HxyENbsApy2gA15vKaB8mcwjJeE0fpjPIBrJxuBnXBirBjkNQpa0y0Tv8zZqM2lSWCLVC5vYVfLx96iXnr8GpLZnmuVXyOTaZykUOfXyzsVDQYNFzUXPTH_F1VG45vfq32KVjexA7hkaTjDVwoKtDZ0rqfNYJlNnIXUvYKwk-R9iTLEb8qwjPkLLDnkwS0a_c568XGjM3R9Nxox55H_nvRm1bkWC93aE5LWaDZIkBwd4b6cfUxkYxg-MwEDVnAVrjmUrWvK20uWAmW-3XyYhM_zVMl8oPJfa5Jqytb6IRLNGoet-W2QNXx1OFCUVQdvjRE8CAn0CwiKzkatL5bZ6fpfLtaZsmu58KomLRWLKW52riaDsH7l_-Nkpq6VbnRNQ"",""timestamp"":1772459262565,""version"":""0.2.0""}"
icons/icon-192.png,0bdQEXOmCR4w8GtEFGJbPfOa1SBJYilZqkgcvwF5cZs,"{""id"":""0bdQEXOmCR4w8GtEFGJbPfOa1SBJYilZqkgcvwF5cZs"",""deadlineHeight"":1868490,""public"":""wZgP9Rpfh0nXb5EdzBUg7y2LFMkBp2ADX3gdZhLXHYbz4srlYD6FUGn6Tt-WsSYj8faUyA7bNKj9zzcXiN-bsMC73e0yoQ05A_5I2QnBAgCTuzXePvUVCvSCOg1vdh07hSjvSBd1XiWDHw2J-Z7m6lG3l56PDSCp8t-s0PduONcsjqOePFejzkaJymJxMYp7d0g0GL1i1MrBAbf5ohIobyTYQz7bRHLLUpdSgiCiHbSBp092cIQnHYXGBeWb-lBEtMT9Am5GsHeVXq4eL8H83NBPIN4fIOtwpl7zzBUeaD5lTc3UcXliMjFuFJurVmNhqsP_osJMceybk3VIjdP0biqLqt_nRupdPwwJGQ09iyGv0wfzMBlx7zTZ9pp77ZBX3cDnYmWt2IR-mIgOStfiEHu5BuwNGBvGt7-tzHJp9e6IOofN10apfiuF9iQEQ3gFVQDZ7owQ_IrCq5yWLP7ePwYoB2e7ZbvCkd4JM8oOgEMZkywTOx3gLASGKS7wqUerdlYacWRukqg5MmkQRbzJIiY23pPwrhQSWon5q91jbImO6vTaHVDZnd2GoMFlePAsceNO1MaLS6GMuY-EAwOtaX-R1QZUpJmCzWfV-77AmBmaPDCR0mm3f7jy-3yYSCMAkti4idHVq5dIhOJnibd_LEfQtkTAQ5MQlE4uoa5lkJs"",""signature"":""kSnIBjvDPcZLtKqtzwfWEVAtIEk27302TN-OJ6ExvfotnZPBU8JgfCqGgqfyRrlIFbXfUIff4bas9vXpOYD5rfhIyiNR5BDOOP-xDmLury5ErswryYuLW_heup86MzcthGk77eznc04KllpSeb8m7c-JKgdEZtXK9NcVOMxpvsaeBcl5kd8MNo7kRkqI5uZ7tXAAD9MLns-6tTUbrgXPEWR92381JQhztF-DIJhfJ3CWxm5_PuUFad8Unwa6ue91JOj96OAtlL8XKQ68t-Lj_vh_f8nNDcOwwOBZUpAVKtVr_O3Dzv_5GRGu1MOyKVC3o00E-SI9NHiyCDqzae4syKAQFEMRzz2b_X0bvfEjxY-8dp38HH6qiA7uybfRq8jUlwrpCrBW39C0iEiYf-SPscRpwfEyCDcP0XXpOsQ8aix18NLQ0Q299XEcFNX4bqANhPMCCyAubNUt_EdVlqgWOvQHa-gjQHdnzlMAuUVBLpc6Qu4Xq-yH0UouR53hbZmvNQuIsnAc8HaSu5SC_btKdKGdun3Wg4YAZRvDTvA_PaikNo_AhLjoCWS749Pg1OqAp44HjTH8d_4iM2rOMcGn4qdiaF2XQdxj-Xdv5D5X8wXhJnhQy1EMOajhzDU0aqlg50Xs4FqCBBLfgLr5-85yQqhBb3W2o4yshcCYu1M_5bY"",""timestamp"":1772471161504,""version"":""0.2.0""}"
icons/icon-512.png,bq5_VjsLiGa4mm8mwi_QfEtiTjtWQXMqa7fWDhDxEno,"{""id"":""bq5_VjsLiGa4mm8mwi_QfEtiTjtWQXMqa7fWDhDxEno"",""deadlineHeight"":1868490,""public"":""wZgP9Rpfh0nXb5EdzBUg7y2LFMkBp2ADX3gdZhLXHYbz4srlYD6FUGn6Tt-WsSYj8faUyA7bNKj9zzcXiN-bsMC73e0yoQ05A_5I2QnBAgCTuzXePvUVCvSCOg1vdh07hSjvSBd1XiWDHw2J-Z7m6lG3l56PDSCp8t-s0PduONcsjqOePFejzkaJymJxMYp7d0g0GL1i1MrBAbf5ohIobyTYQz7bRHLLUpdSgiCiHbSBp092cIQnHYXGBeWb-lBEtMT9Am5GsHeVXq4eL8H83NBPIN4fIOtwpl7zzBUeaD5lTc3UcXliMjFuFJurVmNhqsP_osJMceybk3VIjdP0biqLqt_nRupdPwwJGQ09iyGv0wfzMBlx7zTZ9pp77ZBX3cDnYmWt2IR-mIgOStfiEHu5BuwNGBvGt7-tzHJp9e6IOofN10apfiuF9iQEQ3gFVQDZ7owQ_IrCq5yWLP7ePwYoB2e7ZbvCkd4JM8oOgEMZkywTOx3gLASGKS7wqUerdlYacWRukqg5MmkQRbzJIiY23pPwrhQSWon5q91jbImO6vTaHVDZnd2GoMFlePAsceNO1MaLS6GMuY-EAwOtaX-R1QZUpJmCzWfV-77AmBmaPDCR0mm3f7jy-3yYSCMAkti4idHVq5dIhOJnibd_LEfQtkTAQ5MQlE4uoa5lkJs"",""signature"":""MPDOlwgp28HEvTtStAwnIb4Smu9GJldq3XrHqRJzkUTyNjd-Tc8OYbjQRa2rT713JbYCpJjlR4x8i-OFKv98M3DsyPsFOJfH8U6PeEMkk4v3YOOf--9S-4Iyfg8SJL7YXX1K6hYYKdWwkSuaVIHkKAVOyjkVNPOXC0Q9It5h6-7Mb3VQPq5YQnZSqWT4FKDr2FkfSf16mCbtkuTnbrinWHBR2U-0J_EIhqf6ste5jOy0iCy5UuZL5pTUYfpNe_-WrHo3JAtaHxF9b6yO3480lkv6vn_n4L7nQPlUm-YMfwpYL359yfYXR2Jto9Ty1mZF37BLHVsy70zZbZZIajrWka8U7PmM4L9EcxgRwti5tp3nb-xOa5zykyxrAyB1nI07UbN3cb2Sjh19yvzk6w--ZF9ztaEZoh8FY5E6U2wS1bmdGrLz8pTGMd6hWnHjmAUpTpCdogfRQhjATeNR1BSIfoa7wq8zZeIiKhW-6GEi05pg8VktpRxf6I_Wmzk-WZBimAxwA-ETcBoYVwcxsvuTWq5jSeoMCMFbh60lULZMwcvgRk4Eew_9a2miZqGpqJyC1ZX34N8m2UFHUhIokjILZMenXWFtH5E_POj_bW3e8E944qOF_jOW3MOr3WKCtIq3AtdJfzeFWDC-GX1Q4Jn0l0YsalI65BM6scp4JzBxYlo"",""timestamp"":1772471161902,""version"":""0.2.0""}"
icons/icon-150.png,irF3u2e42cEXYpyoisplbKHMuYkLj6MMveEgagqQbPc,"{""id"":""irF3u2e42cEXYpyoisplbKHMuYkLj6MMveEgagqQbPc"",""deadlineHeight"":1868699,""public"":""wZgP9Rpfh0nXb5EdzBUg7y2LFMkBp2ADX3gdZhLXHYbz4srlYD6FUGn6Tt-WsSYj8faUyA7bNKj9zzcXiN-bsMC73e0yoQ05A_5I2QnBAgCTuzXePvUVCvSCOg1vdh07hSjvSBd1XiWDHw2J-Z7m6lG3l56PDSCp8t-s0PduONcsjqOePFejzkaJymJxMYp7d0g0GL1i1MrBAbf5ohIobyTYQz7bRHLLUpdSgiCiHbSBp092cIQnHYXGBeWb-lBEtMT9Am5GsHeVXq4eL8H83NBPIN4fIOtwpl7zzBUeaD5lTc3UcXliMjFuFJurVmNhqsP_osJMceybk3VIjdP0biqLqt_nRupdPwwJGQ09iyGv0wfzMBlx7zTZ9pp77ZBX3cDnYmWt2IR-mIgOStfiEHu5BuwNGBvGt7-tzHJp9e6IOofN10apfiuF9iQEQ3gFVQDZ7owQ_IrCq5yWLP7ePwYoB2e7ZbvCkd4JM8oOgEMZkywTOx3gLASGKS7wqUerdlYacWRukqg5MmkQRbzJIiY23pPwrhQSWon5q91jbImO6vTaHVDZnd2GoMFlePAsceNO1MaLS6GMuY-EAwOtaX-R1QZUpJmCzWfV-77AmBmaPDCR0mm3f7jy-3yYSCMAkti4idHVq5dIhOJnibd_LEfQtkTAQ5MQlE4uoa5lkJs"",""signature"":""dmfc8FPvS732YAQjhafZMzCcFOfJDGAAUbFIkz8_96as6T-GhP7F0azd891GFDqw0DY81CDCfShCrWbYcr0FXiMbeJT1cu3nhsWCJF6XtyEAhhMPorbpm01HHLbir7IV28CeZvncaygaiplOAZMjHGTRr_S6qML7tTPn99ARhCTUWyLUMc1tkgIa-5bLFstuEkVJBUvXS_kRNHOhXMxZNWCtC6g502X2ZkjFqEq5LPlpHFtTEOIp4eAbmwmqCEQ2BMUez0R37YGJBVgU7MvetpJ5AXMllEVK2Xc9eca2C-tIQ469EdIwk7excs-ZxmxnTwJokR8GsvCLgtWlz6gfESAk6nOIijHGKU86pnmUkD6g1kPkqo1bxHeEdaitF1jpIsxeUpyxkpjztbjaUkOfj5CKxDr0kX4tcNysfTsTMItxMRU3HByjVWyn6EsNSE056TiKewXVSoL39UcGvEFCS6WWcNevgb2B1HMmQ7LzjFKZxzTGk7sceleSIfPZZMUXCuc28pz80gboWdvDO-cVul2eVk7FS4GrBUEj50_RoCV2Mf9zSqDmngWPbUSNSXne4tMdfRZS8e4YNKlVjJb8lsWx2aj-m_I3HZ3A-66EHk-jRGEvT7cfCrcnbkG3PULM34pwCkaOVirIQPYtq8u4DkCEq9oMUYLWolVsEU6i9gI"",""timestamp"":1772497047063,""version"":""0.2.0""}"
icons/icon-152.png,2L6a9JbdLsTtv2UShw_GMnaoDwjcuwcUJo8_hg0dLl4,"{""id"":""2L6a9JbdLsTtv2UShw_GMnaoDwjcuwcUJo8_hg0dLl4"",""deadlineHeight"":1868699,""public"":""wZgP9Rpfh0nXb5EdzBUg7y2LFMkBp2ADX3gdZhLXHYbz4srlYD6FUGn6Tt-WsSYj8faUyA7bNKj9zzcXiN-bsMC73e0yoQ05A_5I2QnBAgCTuzXePvUVCvSCOg1vdh07hSjvSBd1XiWDHw2J-Z7m6lG3l56PDSCp8t-s0PduONcsjqOePFejzkaJymJxMYp7d0g0GL1i1MrBAbf5ohIobyTYQz7bRHLLUpdSgiCiHbSBp092cIQnHYXGBeWb-lBEtMT9Am5GsHeVXq4eL8H83NBPIN4fIOtwpl7zzBUeaD5lTc3UcXliMjFuFJurVmNhqsP_osJMceybk3VIjdP0biqLqt_nRupdPwwJGQ09iyGv0wfzMBlx7zTZ9pp77ZBX3cDnYmWt2IR-mIgOStfiEHu5BuwNGBvGt7-tzHJp9e6IOofN10apfiuF9iQEQ3gFVQDZ7owQ_IrCq5yWLP7ePwYoB2e7ZbvCkd4JM8oOgEMZkywTOx3gLASGKS7wqUerdlYacWRukqg5MmkQRbzJIiY23pPwrhQSWon5q91jbImO6vTaHVDZnd2GoMFlePAsceNO1MaLS6GMuY-EAwOtaX-R1QZUpJmCzWfV-77AmBmaPDCR0mm3f7jy-3yYSCMAkti4idHVq5dIhOJnibd_LEfQtkTAQ5MQlE4uoa5lkJs"",""signature"":""pcnagOTcIi3DN7QlUQex7faF9Mf7cASZSi1xGFHQpDydQgxLTkJl7rd4-4ub35kKDrUEepmL0FOfqXb6IllkwCRWXfLojrREY4FSTGRbjwHAzWBV7EYFbpJD2tEPJ7FOqSM-Au5MRHnwHWZNG7sEoTF8-02bex-ZSo6BJxcFNyhg8jIng3tQA0JYIueQ87Cf9A-tq5tDx_HP-9wPd9ZGElsTaNw08mymi94uPEoauaxbyFVvXMLnUgVX63UsXogRcbTJN9k2aI3ZYF8obTBp4CUdPuKGie125xEciDymrMeCcqC2A2G4SjvjqxXNxzV3MVq3VEXk3UIHXQHFX0HkgwgDai52Ahsk3r382YYdcTsmYSes6yxzIAWTFRmSRqBudGphnfJFKkd0KCHLoEmM-Ja7vwYVmwuSAGp6l1_9ODndHrge940kHTNShlFDJsHH-ges3bBU0B-PXO81C8HKP805b0OKzYBh-4Yplz6A6UYclu5wREpsRS6mKwvWgtb6_TYpi9ep6ZyvmKa69NwyObxbeRAHKBcD6O-37X_qyPZtEO79iKMolU3USWqg5eNOibTsBvpAyMxD9o3Wo_mCuZ6R-p_JDTODaDV0uH7ShrjvA5W51_Q98xZ7q9tzHDeBGORwmVLBajIyb7gELIMOTG-B9px8rmksFzmpabXaORg"",""timestamp"":1772497047374,""version"":""0.2.0""}"
icons/icon-70.png,Ztm2zTTVoSDyAvO4bi8MeX6aUeazcfZpYhN_A6J_0II,"{""id"":""Ztm2zTTVoSDyAvO4bi8MeX6aUeazcfZpYhN_A6J_0II"",""deadlineHeight"":1868699,""public"":""wZgP9Rpfh0nXb5EdzBUg7y2LFMkBp2ADX3gdZhLXHYbz4srlYD6FUGn6Tt-WsSYj8faUyA7bNKj9zzcXiN-bsMC73e0yoQ05A_5I2QnBAgCTuzXePvUVCvSCOg1vdh07hSjvSBd1XiWDHw2J-Z7m6lG3l56PDSCp8t-s0PduONcsjqOePFejzkaJymJxMYp7d0g0GL1i1MrBAbf5ohIobyTYQz7bRHLLUpdSgiCiHbSBp092cIQnHYXGBeWb-lBEtMT9Am5GsHeVXq4eL8H83NBPIN4fIOtwpl7zzBUeaD5lTc3UcXliMjFuFJurVmNhqsP_osJMceybk3VIjdP0biqLqt_nRupdPwwJGQ09iyGv0wfzMBlx7zTZ9pp77ZBX3cDnYmWt2IR-mIgOStfiEHu5BuwNGBvGt7-tzHJp9e6IOofN10apfiuF9iQEQ3gFVQDZ7owQ_IrCq5yWLP7ePwYoB2e7ZbvCkd4JM8oOgEMZkywTOx3gLASGKS7wqUerdlYacWRukqg5MmkQRbzJIiY23pPwrhQSWon5q91jbImO6vTaHVDZnd2GoMFlePAsceNO1MaLS6GMuY-EAwOtaX-R1QZUpJmCzWfV-77AmBmaPDCR0mm3f7jy-3yYSCMAkti4idHVq5dIhOJnibd_LEfQtkTAQ5MQlE4uoa5lkJs"",""signature"":""Jx8UtAr1GvddmYESkYj0hX_Ze-AlsxEdqs2OYkFWorIEG4iBpxpJuOyHS2b0Ma0u7_OFqJMTh6A3YgHzUja183EtCSZA0VWyjR_FwPwA9KQmId6WVQHEONHmUO97cSXSsJPDzLYqK_zNGzA4HtSrxMsq8P_-HXO55srR_t9KZfMua_94KYZ__eIza2_-6ikVWOaWc8GLlbWXpWrOgFzqU3x0tNHvb8Yr0P0yBDsEPk1-D3txWO0n45hGiKoWl9C9Pm8VzT4ysvAWx7pgz5RuBMtKnB9g0VNgzSwnIcQcVlnJ9OiNwDn9_Vso1j8QI1LK_Xf5SSbTltHo7bp7QAKHGS8ApGssY4CDppORiXNa0auNsX5kyWH74_nwc1r4DBovokzU9hdasKdsdo2QH35cL65yUA0_8WaRM2NMf1x4bWlGqKCCdraDqsBJPvrMrDYYRlkeigf5OSjMND7fU4KwUFsbmddy8AQv-p8Dyh8lS1sKYawu5DfJIJmAxsZVjUvx7t8S6KtkP40NIH0w8rTz6uMrRrBtaoy_EEc65CJGO4c9VHIL-qDZFiOTY-dlrTkW2p6edzKfzTUpRG1ELPDoG59dQkhIOjdpoArrPyn8kep4VVkc-PlMA9AkeLXY4W4mds77kVkngOADKFTv0mQyOpwB1P6LvKMtCeljUpSFzKY"",""timestamp"":1772497047574,""version"":""0.2.0""}"
icons/icon-167.png,mvmIO4QzfQlanytjsKtL65_AJvRRcHE-PB6Md-FPOfM,"{""id"":""mvmIO4QzfQlanytjsKtL65_AJvRRcHE-PB6Md-FPOfM"",""deadlineHeight"":1868699,""public"":""wZgP9Rpfh0nXb5EdzBUg7y2LFMkBp2ADX3gdZhLXHYbz4srlYD6FUGn6Tt-WsSYj8faUyA7bNKj9zzcXiN-bsMC73e0yoQ05A_5I2QnBAgCTuzXePvUVCvSCOg1vdh07hSjvSBd1XiWDHw2J-Z7m6lG3l56PDSCp8t-s0PduONcsjqOePFejzkaJymJxMYp7d0g0GL1i1MrBAbf5ohIobyTYQz7bRHLLUpdSgiCiHbSBp092cIQnHYXGBeWb-lBEtMT9Am5GsHeVXq4eL8H83NBPIN4fIOtwpl7zzBUeaD5lTc3UcXliMjFuFJurVmNhqsP_osJMceybk3VIjdP0biqLqt_nRupdPwwJGQ09iyGv0wfzMBlx7zTZ9pp77ZBX3cDnYmWt2IR-mIgOStfiEHu5BuwNGBvGt7-tzHJp9e6IOofN10apfiuF9iQEQ3gFVQDZ7owQ_IrCq5yWLP7ePwYoB2e7ZbvCkd4JM8oOgEMZkywTOx3gLASGKS7wqUerdlYacWRukqg5MmkQRbzJIiY23pPwrhQSWon5q91jbImO6vTaHVDZnd2GoMFlePAsceNO1MaLS6GMuY-EAwOtaX-R1QZUpJmCzWfV-77AmBmaPDCR0mm3f7jy-3yYSCMAkti4idHVq5dIhOJnibd_LEfQtkTAQ5MQlE4uoa5lkJs"",""signature"":""r72sdP-EVtIdLZ3spsoiwmQ0Rup33DanLrP91HM5zu5OQ9hYCaVqnGxSe7ubo-LeQ-rE5idhLaJOZlxX5WQZOxZocYRW9xNgYUmD8Qx6L6q17BzfS6uGyxPmlNZ83UKAJaeIVJpyjntdZsFNVnoRIDrZmCYIWRNxMYXQBD2pXAfi3lpgFIcL0u9uZ59QXH_Xe-dNn5_vq18BI2UuC8xcKZ_yznAbBdYV2thibYtitQKgNwsXooYZPlMI7NFbIull8Fy8SUELIStfILGmPyDzLxMWNqeSdG9i1YIMbbGMrEuxDOk7SnSCwf1D1TgJ0fAj7Sv4Gog1Ref7HqFwEH1a55bp0CForTAt7jk-lfrlHOECIU8IoDUDXjPQzFA1EnhDtOZ99KDTA9-kzioggMK7cpEVg1spChwi2YLdeHZCavHkJSwu2KN1iJEyVKWtjcRR_zDUIKRoDFFaeMzMH1Ov2LOZltZ8uNK6oRX6iCxTpPK9IVjriYF47tuw_o054wU67C_xetnr5VcCD7HtcJqFcfJf72NrNMrBJMDdmyIEnwM-Md_VQTxOYFjffd_rAXt7lpzOh_zh2CcMzYNFs46efhEfctyC6hInhTRtcmxEx_bND982AOaTeyddAqjXmTKhW74KXCyPqA9A3L--srmM7a7UQWmugjOoGenyjJH8dms"",""timestamp"":1772497047615,""version"":""0.2.0""}"
browserconfig.xml,b0qPqilO3GU-haAnQRJCAgdQoy_bPUfJ5SKB30dZMso,"{""id"":""b0qPqilO3GU-haAnQRJCAgdQoy_bPUfJ5SKB30dZMso"",""deadlineHeight"":1868699,""public"":""wZgP9Rpfh0nXb5EdzBUg7y2LFMkBp2ADX3gdZhLXHYbz4srlYD6FUGn6Tt-WsSYj8faUyA7bNKj9zzcXiN-bsMC73e0yoQ05A_5I2QnBAgCTuzXePvUVCvSCOg1vdh07hSjvSBd1XiWDHw2J-Z7m6lG3l56PDSCp8t-s0PduONcsjqOePFejzkaJymJxMYp7d0g0GL1i1MrBAbf5ohIobyTYQz7bRHLLUpdSgiCiHbSBp092cIQnHYXGBeWb-lBEtMT9Am5GsHeVXq4eL8H83NBPIN4fIOtwpl7zzBUeaD5lTc3UcXliMjFuFJurVmNhqsP_osJMceybk3VIjdP0biqLqt_nRupdPwwJGQ09iyGv0wfzMBlx7zTZ9pp77ZBX3cDnYmWt2IR-mIgOStfiEHu5BuwNGBvGt7-tzHJp9e6IOofN10apfiuF9iQEQ3gFVQDZ7owQ_IrCq5yWLP7ePwYoB2e7ZbvCkd4JM8oOgEMZkywTOx3gLASGKS7wqUerdlYacWRukqg5MmkQRbzJIiY23pPwrhQSWon5q91jbImO6vTaHVDZnd2GoMFlePAsceNO1MaLS6GMuY-EAwOtaX-R1QZUpJmCzWfV-77AmBmaPDCR0mm3f7jy-3yYSCMAkti4idHVq5dIhOJnibd_LEfQtkTAQ5MQlE4uoa5lkJs"",""signature"":""UWR7LP0YFV2ysejf0w0JuH2nbLWUSeQdzTqbH45Q10pXbQvUIvWIbLECsTTC-WTalWEoJd-1pHuKc8PeS90P4m9umZoiR7oQtDNmX2Rq2EaXRag6avKYFHHoUQAxIghzCedl24GHnaDXNus3tZeSEZVPGaKy9BOtsuKEPVD3JY6368nZkDO-JDCWC1fZS5XvkW1PfciUq5BsNfsASUscCMquX2_PBACkx0kva0PCI-RSe1nziDK0W_T6cQD0rd9zyVM_S6WpOiqWSYPtfX15AyawEEek8GUzffJ1gxHOCarO1kRicrOdFki_z4x2wFobNyFpH5Ut55D4c902dWALd-G9NBoVxuiOBrLZlXIJZKKBZEdHjmJRRbj-re8iU2No_ytMhqDjFNs5Sg6riRPWEiuuwcaqUuNYOu68khQ0MmN6Pj0FrOI4vqV9uBxhl3HVG3A0ibTW9nf7mo30EZd8lCiYr50T2rWPkBD3izjc-AKL2Dxhs6gQMijze8cInQkd4kE7cmmzGGqadJWnuXBhPF9nFW6ddMr5Y3ufUeAgAlaBebxz-EeYrTn7np7O9aeP3MWIEkr-yumSnJ-zF8jA0F0Wn4iK6Gqd7aObltUg1avSLRwK7bvR5ayqjiPjOwCsr-BLkkZ10HJbrsYSH96VscGoK4MYVBV6Srqm6o1S5vA"",""timestamp"":1772497047614,""version"":""0.2.0""}"
icons/icon-180.png,mv1IHlertoMS23jViSb2--0XG-PWTO3-X7mM21G4jZ4,"{""id"":""mv1IHlertoMS23jViSb2--0XG-PWTO3-X7mM21G4jZ4"",""deadlineHeight"":1868699,""public"":""wZgP9Rpfh0nXb5EdzBUg7y2LFMkBp2ADX3gdZhLXHYbz4srlYD6FUGn6Tt-WsSYj8faUyA7bNKj9zzcXiN-bsMC73e0yoQ05A_5I2QnBAgCTuzXePvUVCvSCOg1vdh07hSjvSBd1XiWDHw2J-Z7m6lG3l56PDSCp8t-s0PduONcsjqOePFejzkaJymJxMYp7d0g0GL1i1MrBAbf5ohIobyTYQz7bRHLLUpdSgiCiHbSBp092cIQnHYXGBeWb-lBEtMT9Am5GsHeVXq4eL8H83NBPIN4fIOtwpl7zzBUeaD5lTc3UcXliMjFuFJurVmNhqsP_osJMceybk3VIjdP0biqLqt_nRupdPwwJGQ09iyGv0wfzMBlx7zTZ9pp77ZBX3cDnYmWt2IR-mIgOStfiEHu5BuwNGBvGt7-tzHJp9e6IOofN10apfiuF9iQEQ3gFVQDZ7owQ_IrCq5yWLP7ePwYoB2e7ZbvCkd4JM8oOgEMZkywTOx3gLASGKS7wqUerdlYacWRukqg5MmkQRbzJIiY23pPwrhQSWon5q91jbImO6vTaHVDZnd2GoMFlePAsceNO1MaLS6GMuY-EAwOtaX-R1QZUpJmCzWfV-77AmBmaPDCR0mm3f7jy-3yYSCMAkti4idHVq5dIhOJnibd_LEfQtkTAQ5MQlE4uoa5lkJs"",""signature"":""dntCY1GDbtTe6NBmFtbqbHZVt3UWas6j9O__kknSwAMgxL0Dlc-tL0dYdsn2o802UWpp-39jjhKCQLmZYLbk2xRURo60Negn2e8o8S_OxUE81r5P1uePM9af4VOMmbk1O6u75GA-gNTH3vuf6rqCpXuMuovtufYQ6ayUt4aXPQAI0KwqtABj10h-jFmIM4THQyGGA9osmreTanmj1TLFYLa4Dh5unPL5OaivQVS_yLljXYhR5I5JxrNq1DK_MOclz-b-CLfATlqzIYkYkhI138yit0GCz0P-MDJ41L2EvawZm495f3jImTO1PbObnnjJpgL4gnnFx9WRh3NCyiiY6-ocb1GKkGSOQUUS7uwPekiVENP-zUOoqfXDahOFk1qez7Jy-vgPInk8EE00CU4qkemnKwXKriwCcCRDUdGVa_eMJnojyNxQZETExZn3jZHe3LegdmsEZyxnwqCne7N5Awp_lc_2NwK9hXN6tMcFf6efIf2e4UgcMTUqzKUqzZDlu_z2T85a8FoLNN6EI0gMtNa21SRMSxTFKJb_wUZg-6NXsP3k2IF71VzfeA9Nmq8ym9OyQOUo3KvmCFuoIzMkRW47c8FJE0YcH16U14TN_Vbt36PAx2dFhzovJ_THzmHFfOb98cc2qsIa2ygQetQ2quC9hCL2LXxgQEfkEyi_2bo"",""timestamp"":1772497047630,""version"":""0.2.0""}"
icons/icon-16.png,mjYkIuGJTY84cKjxu5x1PT5E7p4VL__8o2c00qaTgcA,"{""id"":""mjYkIuGJTY84cKjxu5x1PT5E7p4VL__8o2c00qaTgcA"",""deadlineHeight"":1868699,""public"":""wZgP9Rpfh0nXb5EdzBUg7y2LFMkBp2ADX3gdZhLXHYbz4srlYD6FUGn6Tt-WsSYj8faUyA7bNKj9zzcXiN-bsMC73e0yoQ05A_5I2QnBAgCTuzXePvUVCvSCOg1vdh07hSjvSBd1XiWDHw2J-Z7m6lG3l56PDSCp8t-s0PduONcsjqOePFejzkaJymJxMYp7d0g0GL1i1MrBAbf5ohIobyTYQz7bRHLLUpdSgiCiHbSBp092cIQnHYXGBeWb-lBEtMT9Am5GsHeVXq4eL8H83NBPIN4fIOtwpl7zzBUeaD5lTc3UcXliMjFuFJurVmNhqsP_osJMceybk3VIjdP0biqLqt_nRupdPwwJGQ09iyGv0wfzMBlx7zTZ9pp77ZBX3cDnYmWt2IR-mIgOStfiEHu5BuwNGBvGt7-tzHJp9e6IOofN10apfiuF9iQEQ3gFVQDZ7owQ_IrCq5yWLP7ePwYoB2e7ZbvCkd4JM8oOgEMZkywTOx3gLASGKS7wqUerdlYacWRukqg5MmkQRbzJIiY23pPwrhQSWon5q91jbImO6vTaHVDZnd2GoMFlePAsceNO1MaLS6GMuY-EAwOtaX-R1QZUpJmCzWfV-77AmBmaPDCR0mm3f7jy-3yYSCMAkti4idHVq5dIhOJnibd_LEfQtkTAQ5MQlE4uoa5lkJs"",""signature"":""m_xoCqCYahQHLkpGE96Ot-kR6rA5TdqIr1IwCShetakBpMgk6WnWGg29ZTS7VwvXoJguW_lXcV8Y7S6PTGPrVoOgTYiJIEOVo3cem87tf1fdP-2UtMSb91XSGdtBVf9X1T-M_7oThKvx1DjIADDvtgfIiGKl1-Ly38GQkZd6Ycc_hPmkk1sLUWP-pBGRB6aNkFcd7Pql2HTm4oMUkVaPsrpiRHL4mY9CkEzNwCrfty_dUf-PepmzGQ0G8pUyLguowjclqnMsx4Rp3bf8bsSLNGAmZrkl3Rmwc2w-IAejUxdDg2PwjwtXJUXwGC4yQyGPMYmkev7pa3GjYSYRzztU6HrreAh5NGkDtYVhxtmpc8gHMOYJH2odf5x2yWBGym6BaZgzGr3-H9Wp8ZiE-NbAAjCnwENsFKhv4-hj0ezHZh8zLVtZwMrmgrKXLy0GfKED7VILgCYnqHmTiJCqAg4QJb9p6zualGLZd2xfJmBX-kG7Z3uhsoFO3xX8Hfl3fsE1gf4TxvVQERIjQJySXNwiyxlRXkwmaXI68NJh_hw10hlVayT8NbgDFMo6JzBlc4yhPkESgGQ9S4CvbUDX0iSvCCxzEFbJ_e9vaR1Zb2jUUWFAVdUwTGNhmI0H5EOw-Pnlno2RSoJ6TiE7o4PTmIILtZDiWyumJKY4zIWWCal93go"",""timestamp"":1772497047713,""version"":""0.2.0""}"
icons/icon-32.png,J2h8U4jS5R6XWqrr6Qqn1IOpp1iEJaLYrnjOSzC1n5M,"{""id"":""J2h8U4jS5R6XWqrr6Qqn1IOpp1iEJaLYrnjOSzC1n5M"",""deadlineHeight"":1868699,""public"":""wZgP9Rpfh0nXb5EdzBUg7y2LFMkBp2ADX3gdZhLXHYbz4srlYD6FUGn6Tt-WsSYj8faUyA7bNKj9zzcXiN-bsMC73e0yoQ05A_5I2QnBAgCTuzXePvUVCvSCOg1vdh07hSjvSBd1XiWDHw2J-Z7m6lG3l56PDSCp8t-s0PduONcsjqOePFejzkaJymJxMYp7d0g0GL1i1MrBAbf5ohIobyTYQz7bRHLLUpdSgiCiHbSBp092cIQnHYXGBeWb-lBEtMT9Am5GsHeVXq4eL8H83NBPIN4fIOtwpl7zzBUeaD5lTc3UcXliMjFuFJurVmNhqsP_osJMceybk3VIjdP0biqLqt_nRupdPwwJGQ09iyGv0wfzMBlx7zTZ9pp77ZBX3cDnYmWt2IR-mIgOStfiEHu5BuwNGBvGt7-tzHJp9e6IOofN10apfiuF9iQEQ3gFVQDZ7owQ_IrCq5yWLP7ePwYoB2e7ZbvCkd4JM8oOgEMZkywTOx3gLASGKS7wqUerdlYacWRukqg5MmkQRbzJIiY23pPwrhQSWon5q91jbImO6vTaHVDZnd2GoMFlePAsceNO1MaLS6GMuY-EAwOtaX-R1QZUpJmCzWfV-77AmBmaPDCR0mm3f7jy-3yYSCMAkti4idHVq5dIhOJnibd_LEfQtkTAQ5MQlE4uoa5lkJs"",""signature"":""KgER1vQhL8-Uzj-2JEludolhN6ajFAjtH5WJooN0utdpNZ6WyTMYF4Nh8RYowPNGCjabP3OWbCCrRgPVsDc_ZQ7276vfNBwYA6GDbb0MAmOE_lLQjArU1jqCnliMb6_wy0CFHL1X1UP4xZZrh5uMSyGYKPGEXXdKP1Onghdsfc2TEzBDCpNgKWft5QlrWqnthqvcwnvJRO2LEvDkGsAPBp0rSUy7fq4xp9c3aCHQVRmUjql70_uXQpOknKSwScIY4iAW-76Dtm-jsL3uyo1kpe3BxZwJkyOkHquBqZFw4i9WL2pqN6Anhl-R7YUq_iciNxDLuXhEo0iQ1x7q-q4bfhWzhwTfQ9PHCcURDVnFHbIqYNG9OiPMONgjg-Cqr-f4QsRQMafpZwTqW8gq2ltG1DQawNQmMVsLJ59yjLXh8h_cwYk8A06XVISjdpxXp1he3SHiQuMEWgEjv0NET7jEgzhoKo4b--N0xFBd5S6jVysCBNvDLADtIqnxbWzdNWqy2cnumLA1dfpDEAraQor8x3fWER4vALNd9UzVX6Hk-3wWOZ-NJXNi_MVgT4qs753tS_MMh4YUO44paXR4uqhCM_HJeZzw_0OLcmm-o1iCepq5rbLVtoT-CHSUnwppoA_n8UsdxbYZm-tXswPwBP-SswoBD_8BkoaRwqVvGh2dwIc"",""timestamp"":1772497047666,""version"":""0.2.0""}"
icons/icon-310.png,JGgyWLUKu8MjdoIYQKioTHBBRz2yGe4k1LAAe8LIVA8,"{""id"":""JGgyWLUKu8MjdoIYQKioTHBBRz2yGe4k1LAAe8LIVA8"",""deadlineHeight"":1868699,""public"":""wZgP9Rpfh0nXb5EdzBUg7y2LFMkBp2ADX3gdZhLXHYbz4srlYD6FUGn6Tt-WsSYj8faUyA7bNKj9zzcXiN-bsMC73e0yoQ05A_5I2QnBAgCTuzXePvUVCvSCOg1vdh07hSjvSBd1XiWDHw2J-Z7m6lG3l56PDSCp8t-s0PduONcsjqOePFejzkaJymJxMYp7d0g0GL1i1MrBAbf5ohIobyTYQz7bRHLLUpdSgiCiHbSBp092cIQnHYXGBeWb-lBEtMT9Am5GsHeVXq4eL8H83NBPIN4fIOtwpl7zzBUeaD5lTc3UcXliMjFuFJurVmNhqsP_osJMceybk3VIjdP0biqLqt_nRupdPwwJGQ09iyGv0wfzMBlx7zTZ9pp77ZBX3cDnYmWt2IR-mIgOStfiEHu5BuwNGBvGt7-tzHJp9e6IOofN10apfiuF9iQEQ3gFVQDZ7owQ_IrCq5yWLP7ePwYoB2e7ZbvCkd4JM8oOgEMZkywTOx3gLASGKS7wqUerdlYacWRukqg5MmkQRbzJIiY23pPwrhQSWon5q91jbImO6vTaHVDZnd2GoMFlePAsceNO1MaLS6GMuY-EAwOtaX-R1QZUpJmCzWfV-77AmBmaPDCR0mm3f7jy-3yYSCMAkti4idHVq5dIhOJnibd_LEfQtkTAQ5MQlE4uoa5lkJs"",""signature"":""WNNRZVf2SHNgZSC5vzzM8ju1COf3zGv538T1Iz26pLYEYr8zVDvAbuWK7qVe4PYTaz-AVHtM6yoEDfc6MavJtfCXE3cEEFCKQuu6Gh7EFTrIa0UXFnlFMix9n-KnOvXkpfNY63V_0wWIQ3buVaQLB0dPNlEe1_qltImFYF9I4IEIHM_CsvtbbbL0y4YqomMCC24TWCr9k7Drup9wYCargtj10n0Km4L_v2ybbB46LNvlf2cIXmDot_v7NpotYNIPHS6okKtxFmEI-En4ktrTANTGZL-50uxRyLcvCV-VKdvyax3_aQdxq-9HLHf4ZFOmpF0x5t9T0s0gRGSyQ-c91DlpxUBapFYfnt0ih7Fq1iobBM1TrJf4uQQdOa-jDloKPyKSJgHLA1gV_tnJaIO5eai1iqzH9aEdRDK-GWoIl5tmUQcF6AfPPR7DG0sHVtUVf_-IWgshAv7TMfZTS8Ro4_GDcKKuii5IsmmWPPAUNidU0KZlbXBuvzyyyaH7scWXBTKlJCkGOLBA8THB1-l73htP75azi-ksYD0tXabNY30qJSo8nDJhkWIbCYgIDVB4M5jnWFlgmKrJRqvHTVfGS3a1UlEbqpdSQNCVXnLXSr1g7PYK1FP7qaZHC4CrXApZFV4SPJf32rkn50DRDgExJNUteLh6x_jZALkhv-mL0ew"",""timestamp"":1772497047774,""version"":""0.2.0""}"
